<application>
  <component name="AdvancedSettings">
    <option name="settings">
      <map>
        <entry key="bigger.font.in.project.view" value="true" />
        <entry key="confirm.rerun.with.termination" value="false" />
        <entry key="se.text.search" value="true" />
        <entry key="show.diff.as.editor.tab" value="false" />
        <entry key="vcs.commit.tool.window" value="false" />
        <entry key="vcs.process.ignored" value="false" />
      </map>
    </option>
  </component>
</application>