<application>
  <component name="com.intellij.ide.ui.customization.CustomActionsSchema">
    <group value="RightToolbarSideGroup" is_group="true" forse_popup="false" action_type="-1" position="1">
      <path value="root" />
      <path value="Toolbar" />
      <option name="myInitialPosition" value="-1" />
    </group>
    <group value="LeftToolbarSideGroup" is_group="true" forse_popup="false" action_type="-1" position="0">
      <path value="root" />
      <path value="Toolbar" />
      <option name="myInitialPosition" value="-1" />
    </group>
  </component>
</application>