<application>
  <component name="XDebuggerSettings">
    <data-views>
      <option name="showLibraryStackFrames" value="false" />
      <option name="valueLookupDelay" value="150" />
      <show-values-inline>false</show-values-inline>
    </data-views>
    <general>
      <option name="showDebuggerOnBreakpoint" value="false" />
      <unmute-on-stop>true</unmute-on-stop>
    </general>
    <debuggers>
      <debugger id="dotnet_debugger">
        <configuration>
          <option name="breakOnUserUnhandledExceptions" value="true" />
          <option name="clusterArrays" value="false" />
          <option name="enableExternalSourceDebug" value="false" />
          <option name="objectsFlattenHierarchy" value="false" />
          <option name="showTypeVariables" value="false" />
        </configuration>
      </debugger>
      <debugger id="ObjectiveC">
        <configuration>
          <nt-symbol-settings />
          <option name="RENDERERS_ENABLED" value="false" />
        </configuration>
      </debugger>
    </debuggers>
  </component>
</application>