<application>
  <component name="IntentionManagerSettings">
    <ignoreAction name="XML/Rearrange tag attributes" />
    <ignoreAction name="XML/Remove attribute" />
    <ignoreAction name="Other/Put elements on multiple lines" />
    <ignoreAction name="JSON/Evaluate JSONPath Expression" />
    <ignoreAction name="JSON/Sort properties alphabetically" />
    <ignoreAction name="Language injection/Edit injected fragment" />
    <ignoreAction name="LightEdit mode/Open file in project..." />
    <ignoreAction name="Markdown/Configure image" />
    <ignoreAction name="Markdown/Hide problems in code fences" />
    <ignoreAction name="Markdown/Insert column" />
    <ignoreAction name="Markdown/Remove column" />
    <ignoreAction name="Markdown/Remove row" />
    <ignoreAction name="Markdown/Set column alignment" />
    <ignoreAction name="Microservices/Open in web browser" />
    <ignoreAction name="RegExp/Check RegExp" />
    <ignoreAction name="XML/Add 'xsi:schemaLocation' attribute" />
    <ignoreAction name="XML/Choose color" />
    <ignoreAction name="XML/Collapse empty tag" />
    <ignoreAction name="XML/Convert CDATA to text" />
    <ignoreAction name="XML/Convert text to CDATA" />
    <ignoreAction name="XML/Fetch external resource" />
    <ignoreAction name="XML/Insert namespace prefix" />
    <ignoreAction name="XML/Manually set up external resource" />
    <ignoreAction name="XML/Remove tag (preserves children)" />
    <ignoreAction name="XML/Reset to default namespace" />
    <ignoreAction name="XML/Split current tag" />
  </component>
</application>