<application>
  <component name="ProjectManager">
    <defaultProject>
      <component name="Encoding" addBOMForNewFiles="with BOM under Windows, with no BOM otherwise" />
      <component name="ProjectInspectionProfilesVisibleTreeState">
        <entry key="Project Default">
          <profile-state>
            <expanded-state>
              <State />
            </expanded-state>
            <selected-state>
              <State>
                <id>General</id>
              </State>
            </selected-state>
          </profile-state>
        </entry>
      </component>
      <component name="ProjectViewState">
        <option name="autoscrollFromSource" value="true" />
        <option name="hideEmptyMiddlePackages" value="true" />
        <option name="showLibraryContents" value="true" />
      </component>
      <component name="PropertiesComponent">{
  &quot;keyToString&quot;: {
    &quot;settings.editor.selected.configurable&quot;: &quot;preferences.pluginManager&quot;
  }
}</component>
      <component name="WindowStateProjectService">
        <state x="872" y="233" key="#Run/Debug_Configuration_Templates" timestamp="1669341562992">
          <screen x="0" y="0" width="2560" height="1400" />
        </state>
        <state x="872" y="233" key="#Run/Debug_Configuration_Templates/0.0.2560.1400" timestamp="1669341562992" />
        <state x="739" y="252" key="Rider.ProjectTemplateDialog.Size" timestamp="1676991990424">
          <screen x="63" y="0" width="1985" height="1152" />
        </state>
        <state x="872" y="306" key="Rider.ProjectTemplateDialog.Size/0.0.2560.1400" timestamp="1669342295011" />
        <state x="739" y="252" key="Rider.ProjectTemplateDialog.Size/63.0.1985.1152" timestamp="1676991990424" />
        <state x="594" y="177" key="SettingsEditor" timestamp="1672698071366">
          <screen x="0" y="0" width="1948" height="1152" />
        </state>
        <state x="594" y="177" key="SettingsEditor/0.0.1948.1152" timestamp="1672698071366" />
        <state x="781" y="215" key="SettingsEditor/0.0.2560.1400" timestamp="1669342539250" />
      </component>
    </defaultProject>
  </component>
</application>