<application>
  <component name="UISettings">
    <option name="ACTIVATE_MRU_EDITOR_ON_CLOSE" value="true" />
    <option name="CLOSE_NON_MODIFIED_FILES_FIRST" value="true" />
    <option name="CLOSE_TAB_BUTTON_ON_THE_RIGHT" value="false" />
    <option name="DISABLE_MNEMONICS" value="true" />
    <option name="DISABLE_MNEMONICS_IN_CONTROLS" value="true" />
    <option name="EDITOR_TAB_LIMIT" value="16" />
    <option name="HIDE_TABS_IF_NEED" value="false" />
    <option name="MARK_MODIFIED_TABS_WITH_ASTERISK" value="true" />
    <option name="MAX_LOOKUP_WIDTH2" value="1000" />
    <option name="BORDERLESS_MODE" value="false" />
    <option name="OPEN_IN_PREVIEW_TAB_IF_POSSIBLE" value="true" />
    <option name="OPEN_TABS_AT_THE_END" value="true" />
    <option name="OVERRIDE_NONIDEA_LAF_FONTS" value="true" />
    <option name="RIGHT_HORIZONTAL_SPLIT" value="true" />
    <option name="SEPARATE_MAIN_MENU" value="true" />
    <option name="SHOW_EDITOR_TOOLTIP" value="false" />
    <option name="SHOW_FILE_ICONS_IN_TABS" value="false" />
    <option name="SHOW_ICONS_IN_MENUS" value="false" />
    <option name="SHOW_MAIN_TOOLBAR" value="true" />
    <option name="SHOW_NAVIGATION_BAR_MEMBERS" value="false" />
    <option name="SHOW_NAVIGATION_BAR" value="false" />
    <option name="SHOW_PINNED_TABS_IN_A_SEPARATE_ROW" value="true" />
    <option name="SHOW_STATUS_BAR" value="false" />
    <option name="smoothScrolling" value="false" />
    <option name="USE_SMALL_LABELS_ON_TABS" value="true" />
    <option name="WIDESCREEN_SUPPORT" value="true" />
  </component>
</application>