<keymap version="1" name="mkix0x" parent="Visual Studio">
  <action id="CloneCaretAboveWithVirtualSpace" />
  <action id="CloneCaretBelowWithVirtualSpace" />
  <action id="CloseAllEditorsButActive">
    <keyboard-shortcut first-keystroke="shift ctrl w" />
  </action>
  <action id="CloseContent">
    <keyboard-shortcut first-keystroke="ctrl f4" />
    <keyboard-shortcut first-keystroke="ctrl w" />
  </action>
  <action id="EditorSelectWord">
    <keyboard-shortcut first-keystroke="shift alt equals" />
    <keyboard-shortcut first-keystroke="ctrl alt right" />
  </action>
  <action id="EditorUnSelectWord">
    <keyboard-shortcut first-keystroke="shift alt minus" />
    <keyboard-shortcut first-keystroke="ctrl alt left" />
  </action>
  <action id="FileChooser.TogglePathBar" />
  <action id="MoveLineDown">
    <keyboard-shortcut first-keystroke="shift alt down" />
  </action>
  <action id="MoveLineUp">
    <keyboard-shortcut first-keystroke="shift alt up" />
  </action>
  <action id="Print" />
  <action id="ShowLayersDialog">
    <keyboard-shortcut first-keystroke="ctrl multiply" second-keystroke="ctrl subtract" />
  </action>
  <action id="SmartSelect">
    <keyboard-shortcut first-keystroke="shift alt equals" />
    <keyboard-shortcut first-keystroke="ctrl alt right" />
  </action>
  <action id="SmartUnSelect">
    <keyboard-shortcut first-keystroke="shift alt minus" />
    <keyboard-shortcut first-keystroke="ctrl alt left" />
  </action>
  <action id="TableResult.GrowSelection">
    <keyboard-shortcut first-keystroke="shift alt equals" />
    <keyboard-shortcut first-keystroke="ctrl alt right" />
  </action>
  <action id="TriggerPlayInUnity">
    <keyboard-shortcut first-keystroke="ctrl p" />
  </action>
  <action id="UsageFiltering.WriteAccess" />
</keymap>